<?xml version="1.0" encoding="UTF-8"?>
<feature
      id="org.insightech.er.feature"
      label="ERMaster"
      version="1.0.0.v20100424-2307"
      provider-name="Insightech.org"
      plugin="org.insightech.er">

   <description url="http://ermaster.sourceforge.net">
      ERMaster is GUI editor for ER diagram.

It is operated as Eclipse plug-in.

Making ER diagram, the print of ER diagram, 
and the DDL output from ER diagram, etc. can be done graphical.

Moreover, import, the group management, 
and the historical management, etc. from DB are supported.
   </description>

   <copyright url="http://ermaster.sourceforge.net">
      Copyright 2009 insightech.org

Licensed under the Apache License, Version 2.0 (the &quot;License&quot;);
you may not use this file except in compliance with the License.
You may obtain a copy of the License at

 http://www.apache.org/licenses/LICENSE-2.0

Unless required by applicable law or agreed to in writing, software
distributed under the License is distributed on an &quot;AS IS&quot; BASIS,
WITHOUT WARRANTIES OR CONDITIONS OF ANY KIND, either express or implied.
See the License for the specific language governing permissions and
limitations under the License.
   </copyright>

   <license url="http://ermaster.sourceforge.net">
      Copyright 2009 insightech.org

Licensed under the Apache License, Version 2.0 (the &quot;License&quot;);
you may not use this file except in compliance with the License.
You may obtain a copy of the License at

 http://www.apache.org/licenses/LICENSE-2.0

Unless required by applicable law or agreed to in writing, software
distributed under the License is distributed on an &quot;AS IS&quot; BASIS,
WITHOUT WARRANTIES OR CONDITIONS OF ANY KIND, either express or implied.
See the License for the specific language governing permissions and
limitations under the License.
   </license>

   <url>
      <update label="ERMaster" url="http://ermaster.sourceforge.net/update-site/"/>
   </url>

   <requires>
      <import plugin="org.eclipse.ui"/>
      <import plugin="org.eclipse.core.runtime"/>
      <import plugin="org.eclipse.gef"/>
      <import plugin="org.eclipse.ui.views"/>
      <import plugin="org.eclipse.ui.ide"/>
      <import plugin="org.eclipse.core.resources"/>
      <import plugin="org.eclipse.core.expressions"/>
   </requires>

   <plugin
         id="org.insightech.er"
         download-size="0"
         install-size="0"
         version="1.0.0.v20100424-2307"
         unpack="false"/>

</feature>
